name;link;actual_price;original_price;product_rating;viewed_or_sold_per_day;product_condition;products_sold;postage;delivery;pictures_list;category;ean;isbn;ebay_product_number;sku
Darker: 'Fifty Shades Darker' as told by Christian by James, E L Book The Cheap;https://www.ebay.co.uk/itm/142630047112?hash=item213569cd88:g:LcEAAOSwzOVgZ0yn;3.99;7.99;36 product ratings;3 sold in last hour;Very Good;1,623 sold;;;['https://i.ebayimg.com/images/g/LcEAAOSwzOVgZ0yn/s-l64.jpg', 'https://i.ebayimg.com/images/g/LcEAAOSwzOVgZ0yn/s-l300.jpg', 'https://i.ebayimg.com/images/g/l-QAAOSwyedgZ0yn/s-l64.jpg'];Books, Comics & Magazines/Books;9781787460560;1787460568;142630047112;GOR008790958
Slimming World Free Foods: 120 guilt-free recipes ... by Slimming World Hardback;https://www.ebay.co.uk/itm/302004466253?hash=item4650de724d:g:lHsAAOSwuaJe-gGY;3.59;18.99;83 product ratings;1 sold in last hour;Very Good;1,951 sold;4.00, Royal Mail International Economy;Varies for items sent from an international location;['https://i.ebayimg.com/images/g/lHsAAOSwuaJe-gGY/s-l300.jpg', 'https://i.ebayimg.com/images/g/lHsAAOSwuaJe-gGY/s-l64.jpg', 'https://i.ebayimg.com/images/g/vBEAAOSw0rVe-gGa/s-l64.jpg'];Books, Comics & Magazines/Books;9780091901653;0091901650;302004466253;GOR001237340
"5 Ingredients - Quick & Easy Food: Jamie�""s most straightfo... by Oliver, Jamie";https://www.ebay.co.uk/itm/391895222509?hash=item5b3ec688ed:g:1AgAAOSwtvxf2yfp;8.49;26.00;247 product ratings;;Very Good;1,118 sold;4.00, Royal Mail International Economy;Varies for items sent from an international location;['https://i.ebayimg.com/images/g/FSUAAOSwzlxf2yfq/s-l64.jpg', 'https://i.ebayimg.com/images/g/1AgAAOSwtvxf2yfp/s-l64.jpg', 'https://i.ebayimg.com/images/g/1AgAAOSwtvxf2yfp/s-l300.jpg'];Books, Comics & Magazines/Books;9780718187729;0718187725;391895222509;GOR008636547
The Secret History by Tartt, Donna Paperback Book The Cheap Fast Free Post;https://www.ebay.co.uk/itm/191130149776?hash=item2c803ea390:g:dfAAAOSw3TNeg2AE;4.49;8.99;20 product ratings;;Acceptable;492 sold;4.00, Royal Mail International Economy;Varies for items sent from an international location;['https://i.ebayimg.com/images/g/Mm0AAOSwmcReg18C/s-l64.jpg', 'https://i.ebayimg.com/images/g/dfAAAOSw3TNeg2AE/s-l64.jpg', 'https://i.ebayimg.com/images/g/dfAAAOSw3TNeg2AE/s-l300.jpg'];Books, Comics & Magazines/Books;9780140167771;0140167773;191130149776;GOR000144122
Two Greedy Italians by Antonio Carluccio & Gennaro Contaldo Hardback Book The;https://www.ebay.co.uk/itm/391523875626?hash=item5b28a43b2a:g:dpkAAOSwofVe56eJ;3.59;20.00;5 product ratings;;Very Good;145 sold;4.00, Royal Mail International Economy;Varies for items sent from an international location;['https://i.ebayimg.com/images/g/FxIAAOSw6dle56eK/s-l64.jpg', 'https://i.ebayimg.com/images/g/dpkAAOSwofVe56eJ/s-l64.jpg', 'https://i.ebayimg.com/images/g/dpkAAOSwofVe56eJ/s-l300.jpg'];Books, Comics & Magazines/Books;9781844009428;1844009424;391523875626;GOR003558557
RHS Gardening Through the Year by Spence, Ian Hardback Book The Cheap Fast Free;https://www.ebay.co.uk/itm/142030882068?hash=item2111b34514:g:QdkAAOSwxxFfVlI4;3.59;19.99;36 product ratings;;Very Good;1,858 sold;4.00, Royal Mail International Economy;Varies for items sent from an international location;['https://i.ebayimg.com/images/g/QdkAAOSwxxFfVlI4/s-l64.jpg', 'https://i.ebayimg.com/images/g/QdkAAOSwxxFfVlI4/s-l300.jpg', 'https://i.ebayimg.com/images/g/5osAAOSwz2pfVlI5/s-l64.jpg'];Books, Comics & Magazines/Books;0751313114;0751313114;142030882068;GOR001250099
Wars of the Roses: Stormbird: Book 1 (The Wars of the Roses) by Iggulden, Conn;https://www.ebay.co.uk/itm/391499361065?hash=item5b272e2b29:g:NHsAAOSwVrZehWgW;3.29;18.99;10 product ratings;;Very Good;453 sold;4.00, Royal Mail International Economy;Varies for items sent from an international location;['https://i.ebayimg.com/images/g/NHsAAOSwVrZehWgW/s-l300.jpg', 'https://i.ebayimg.com/images/g/X8AAAOSwbkRehWfi/s-l64.jpg', 'https://i.ebayimg.com/images/g/NHsAAOSwVrZehWgW/s-l64.jpg'];Books, Comics & Magazines/Books;9780718159832;0718159837;391499361065;GOR005141232
Emotional Intelligence: Why it Can Matter More T... by Goleman, Daniel Paperback;https://www.ebay.co.uk/itm/391356107752?hash=item5b1ea44be8:g:mNoAAOSwpIBehULx;3.59;9.99;31 product ratings;;Good;2,535 sold;4.00, Royal Mail International Economy;Varies for items sent from an international location;['https://i.ebayimg.com/images/g/mNoAAOSwpIBehULx/s-l300.jpg', 'https://i.ebayimg.com/images/g/RuUAAOSwT9NehUJ5/s-l64.jpg', 'https://i.ebayimg.com/images/g/mNoAAOSwpIBehULx/s-l64.jpg'];Books, Comics & Magazines/Books;0747528306;0747528306;391356107752;GOR001227055
Grade 9-1 GCSE English Text Guide - An Inspector Calls... by CGP Books Paperback;https://www.ebay.co.uk/itm/391488454061?hash=item5b2687bdad:g:Q3wAAOSwO8xeocls;2.69;5.95;54 product ratings;;Very Good;4,699 sold;4.00, Royal Mail International Economy;Varies for items sent from an international location;['https://i.ebayimg.com/images/g/Q3wAAOSwO8xeocls/s-l300.jpg', 'https://i.ebayimg.com/images/g/VDcAAOSw-2xeoclu/s-l64.jpg', 'https://i.ebayimg.com/images/g/Q3wAAOSwO8xeocls/s-l64.jpg'];Books, Comics & Magazines/Textbooks, Education & Reference/School Textbooks & Study Guides;9781841461151;1841461156;391488454061;GOR001258683
Tinker Tailor Soldier Spy by Le Carré, John Paperback Book The Cheap Fast Free;https://www.ebay.co.uk/itm/142022386169?hash=item211131a1f9:g:qcYAAOSwAxtgDXlq;3.59;8.99;;;Very Good;210 sold;4.00, Royal Mail International Economy;Varies for items sent from an international location;['https://i.ebayimg.com/images/g/qcYAAOSwAxtgDXlq/s-l64.jpg', 'https://i.ebayimg.com/images/g/qcYAAOSwAxtgDXlq/s-l300.jpg', 'https://i.ebayimg.com/images/g/-qAAAOSwIcxgDXlq/s-l64.jpg'];Books, Comics & Magazines;9780340993767;0340993766;142022386169;GOR001558422
Lean in 15 - The Shift Plan: 15 Minute Meals and Workouts to Ke... by Wicks, Joe;https://www.ebay.co.uk/itm/142048035819?hash=item2112b903eb:g:LdwAAOSwVZFe~0W2;2.99;14.99;159 product ratings;;Very Good;4,358 sold;4.00, Royal Mail International Economy;Varies for items sent from an international location;['https://i.ebayimg.com/images/g/LdwAAOSwVZFe~0W2/s-l300.jpg', 'https://i.ebayimg.com/images/g/DmMAAOSwC5Ne~0W3/s-l64.jpg', 'https://i.ebayimg.com/images/g/LdwAAOSwVZFe~0W2/s-l64.jpg'];Books, Comics & Magazines/Books;1509800662;1509800662;142048035819;GOR007211710
Grade 9-1 GCSE Chemistry: AQA Revision Guide with Online Edition... by CGP Books;https://www.ebay.co.uk/itm/302289967674?hash=item4661e2da3a:g:3EkAAOSw5BVekIvi;3.29;5.95;5 product ratings;4 sold in last 24 hours;Very Good;1,531 sold;4.00, Royal Mail International Economy;Varies for items sent from an international location;['https://i.ebayimg.com/images/g/3EkAAOSw5BVekIvi/s-l64.jpg', 'https://i.ebayimg.com/images/g/hmMAAOSw2j5ekIvk/s-l64.jpg', 'https://i.ebayimg.com/images/g/3EkAAOSw5BVekIvi/s-l300.jpg'];Books, Comics & Magazines/Textbooks, Education & Reference/School Textbooks & Study Guides;7.87;1782945571;302289967674;GOR008231886
Allen Carr's Easy Way to Stop Smoking by Carr, Allen Paperback Book The Cheap;https://www.ebay.co.uk/itm/301082736113?hash=item4619edf5f1:g:05IAAOSw2Pte~hN4;3.29;8.99;74 product ratings;5 sold in last 24 hours;Good;3,136 sold;4.00, Royal Mail International Economy;Varies for items sent from an international location;['https://i.ebayimg.com/images/g/05IAAOSw2Pte~hN4/s-l300.jpg', 'https://i.ebayimg.com/images/g/LZ4AAOSwbZxe~hN5/s-l64.jpg', 'https://i.ebayimg.com/images/g/05IAAOSw2Pte~hN4/s-l64.jpg'];Books, Comics & Magazines/Books;9780140277630;0140277633;301082736113;GOR001112841
Wonder by Palacio, R J Book The Cheap Fast Free Post;https://www.ebay.co.uk/itm/141836475820?hash=item21061cddac:g:NToAAOSwQyBe~UQi;3.59;7.99;82 product ratings;;Good;1,856 sold;4.00, Royal Mail International Economy;Varies for items sent from an international location;['https://i.ebayimg.com/images/g/9RIAAOSwBh5e~UQi/s-l64.jpg', 'https://i.ebayimg.com/images/g/NToAAOSwQyBe~UQi/s-l64.jpg', 'https://i.ebayimg.com/images/g/NToAAOSwQyBe~UQi/s-l300.jpg'];Books, Comics & Magazines/Books;9780552565974;0552565970;141836475820;GOR004568831
Dork Diaries: Birthday Drama! (Volume 13) by Russell, Rachel Renee Book The;https://www.ebay.co.uk/itm/302995570677?hash=item468bf17ff5:g:8aAAAOSwymteiqBn;2.99;12.99;7 product ratings;;Very Good;245 sold;4.00, Royal Mail International Economy;Varies for items sent from an international location;['https://i.ebayimg.com/images/g/8aAAAOSwymteiqBn/s-l300.jpg', 'https://i.ebayimg.com/images/g/8aAAAOSwymteiqBn/s-l64.jpg', 'https://i.ebayimg.com/images/g/KXgAAOSw6qheiqBn/s-l64.jpg'];Books, Comics & Magazines/Books;9781471172762;1471172767;302995570677;GOR009514969
"Winnie the Pooh: Complete Collection - ""Winnie the P... by Milne, A. A. Hardback";https://www.ebay.co.uk/itm/142039084325?hash=item2112306d25:g:p9MAAOSwsZNfAzoM;4.99;29.99;15 product ratings;;Very Good;691 sold;4.00, Royal Mail International Economy;Varies for items sent from an international location;['https://i.ebayimg.com/images/g/p9MAAOSwsZNfAzoM/s-l300.jpg', 'https://i.ebayimg.com/images/g/VfIAAOSwv2JfAzoN/s-l64.jpg', 'https://i.ebayimg.com/images/g/p9MAAOSwsZNfAzoM/s-l64.jpg'];Books, Comics & Magazines/Books;9780416188431;0416188435;142039084325;GOR001234546
Tainted Love: A gripping thriller with a shocking twis... by Chambers, Kimberley;https://www.ebay.co.uk/itm/391501805373?hash=item5b2753773d:g:XNUAAOSwZrRev61E;3.29;12.99;15 product ratings;;Very Good;490 sold;4.00, Royal Mail International Economy;Varies for items sent from an international location;['https://i.ebayimg.com/images/g/XNUAAOSwZrRev61E/s-l300.jpg', 'https://i.ebayimg.com/images/g/ozoAAOSw205ev61G/s-l64.jpg', 'https://i.ebayimg.com/images/g/XNUAAOSwZrRev61E/s-l64.jpg'];Books, Comics & Magazines/Books;0007521774;0007521774;391501805373;GOR007160136
Yes! No (Maybe...) (Tom Gates) by Liz Pichon Book The Cheap Fast Free Post;https://www.ebay.co.uk/itm/302039344304?hash=item4652f2a4b0:g:GH0AAOSw4mNem03z;2.99;6.99;13 product ratings;;Very Good;1,399 sold;4.00, Royal Mail International Economy;Varies for items sent from an international location;['https://i.ebayimg.com/images/g/-joAAOSwZPVem031/s-l64.jpg', 'https://i.ebayimg.com/images/g/GH0AAOSw4mNem03z/s-l300.jpg', 'https://i.ebayimg.com/images/g/GH0AAOSw4mNem03z/s-l64.jpg'];Books, Comics & Magazines/Books;9781407148793;1407148796;302039344304;GOR007555338
You Can Heal Your Life by Hay, Louise L. Paperback Book The Cheap Fast Free Post;https://www.ebay.co.uk/itm/142074588505?hash=item21144e2d59:g:eeMAAOSwPhFe-ead;5.49;10.99;41 product ratings;;Very Good;1,276 sold;4.00, Royal Mail International Economy;Varies for items sent from an international location;['https://i.ebayimg.com/images/g/eeMAAOSwPhFe-ead/s-l64.jpg', 'https://i.ebayimg.com/images/g/3pcAAOSw~vVe-eae/s-l64.jpg', 'https://i.ebayimg.com/images/g/eeMAAOSwPhFe-ead/s-l300.jpg'];Books, Comics & Magazines/Books;9780937611012;0937611018;142074588505;GOR001219518
The Ragged Trousered Philanthropists (Flamingo ... by Tressell, Robert Paperback;https://www.ebay.co.uk/itm/391501671536?hash=item5b27516c70:g:IfMAAOSwiQRfAZH6;3.29;9.99;17 product ratings;;Very Good;726 sold;4.00, Royal Mail International Economy;Varies for items sent from an international location;['https://i.ebayimg.com/images/g/sGMAAOSwEM1fAZH8/s-l64.jpg', 'https://i.ebayimg.com/images/g/IfMAAOSwiQRfAZH6/s-l300.jpg', 'https://i.ebayimg.com/images/g/IfMAAOSwiQRfAZH6/s-l64.jpg'];Books, Comics & Magazines/Books;0586090363;0586090363;391501671536;GOR001264571
Nigellissima: Instant Italian Inspiration by Lawson, Nigella Book The Cheap Fast;https://www.ebay.co.uk/itm/301963035787?hash=item464e66448b:g:rC0AAOSwhMFeg4jb;14.99;26.00;28 product ratings;;Very Good;734 sold;4.00, Royal Mail International Economy;Varies for items sent from an international location;['https://i.ebayimg.com/images/g/rC0AAOSwhMFeg4jb/s-l300.jpg', 'https://i.ebayimg.com/images/g/rC0AAOSwhMFeg4jb/s-l64.jpg', 'https://i.ebayimg.com/images/g/TmgAAOSwsWleg4jc/s-l64.jpg'];Books, Comics & Magazines/Books;0701187336;0701187336;301963035787;GOR004404687
BHS Complete Training Manual for Stage 1 (British Horse Society) by Islay Auty;https://www.ebay.co.uk/itm/391541417582?hash=item5b29afe66e:g:HLUAAOSw0OJfGaGi;7.99;14.95;;;Very Good;30 sold;4.00, Royal Mail International Economy;Varies for items sent from an international location;['https://i.ebayimg.com/images/g/z-kAAOSwMoxfGaGj/s-l64.jpg', 'https://i.ebayimg.com/images/g/HLUAAOSw0OJfGaGi/s-l64.jpg', 'https://i.ebayimg.com/images/g/HLUAAOSw0OJfGaGi/s-l300.jpg'];Books, Comics & Magazines/Books;9781905693603;1905693605;391541417582;GOR005044552
ADHD Autism, Dyslexia and Dyspraxia (Understandi... by Terri Passenger Paperback;https://www.ebay.co.uk/itm/142047898311?hash=item2112b6eac7:g:jYAAAOSw1W5efkME;3.99;4.95;4 product ratings;;Very Good;184 sold;4.00, Royal Mail International Economy;Varies for items sent from an international location;['https://i.ebayimg.com/images/g/jYAAAOSw1W5efkME/s-l64.jpg', 'https://i.ebayimg.com/images/g/jYAAAOSw1W5efkME/s-l300.jpg', 'https://i.ebayimg.com/images/g/AUoAAOSw~wZefkMF/s-l64.jpg'];Books, Comics & Magazines/Books;9781903474273;1903474272;142047898311;GOR001336731
The Official DVSA Theory Test for Car Drivers by Driver and Vehicle Standards Ag;https://www.ebay.co.uk/itm/391537645982?hash=item5b2976599e:g:JFcAAOSwTyxfPjfL;4.99;14.99;187 product ratings;;Very Good;360 sold;4.00, Royal Mail International Economy;Varies for items sent from an international location;['https://i.ebayimg.com/images/g/cgYAAOSw0aNfPjfM/s-l64.jpg', 'https://i.ebayimg.com/images/g/JFcAAOSwTyxfPjfL/s-l64.jpg', 'https://i.ebayimg.com/images/g/JFcAAOSwTyxfPjfL/s-l300.jpg'];Books, Comics & Magazines/Books;0115534652;0115534652;391537645982;GOR007679241
Deliciously Ella Every Day: Simple recipes and fantas... by Mills (Woodward), El;https://www.ebay.co.uk/itm/302037934136?hash=item4652dd2038:g:PXEAAOSwVKRe65st;3.99;20.00;27 product ratings;;Very Good;480 sold;4.00, Royal Mail International Economy;Varies for items sent from an international location;['https://i.ebayimg.com/images/g/PXEAAOSwVKRe65st/s-l64.jpg', 'https://i.ebayimg.com/images/g/PXEAAOSwVKRe65st/s-l300.jpg', 'https://i.ebayimg.com/images/g/GhcAAOSwKule65su/s-l64.jpg'];Books, Comics & Magazines/Books;9781473619487;1473619483;302037934136;GOR007276218
The Midnight Rose by Lucinda Riley Book The Cheap Fast Free Post;https://www.ebay.co.uk/itm/191285663876?hash=item2c89839884:g:LpUAAOSw7HFfGU3F;3.73;7.99;38 product ratings;;Good;533 sold;4.00, Royal Mail International Economy;Varies for items sent from an international location;['https://i.ebayimg.com/images/g/LpUAAOSw7HFfGU3F/s-l64.jpg', 'https://i.ebayimg.com/images/g/LpUAAOSw7HFfGU3F/s-l300.jpg', 'https://i.ebayimg.com/images/g/s2sAAOSwEmxfGU3F/s-l64.jpg'];Books, Comics & Magazines/Books;9781447218432;1447218434;191285663876;GOR005438541
Bring Up the Bodies: The Booker Prize Winning Sequel to Wol... by Mantel, Hilary;https://www.ebay.co.uk/itm/141591999399?hash=item20f78a73a7:g:IskAAOSw5Bde-JS8;3.99;9.99;21 product ratings;;Very Good;367 sold;4.00, Royal Mail International Economy;Varies for items sent from an international location;['https://i.ebayimg.com/images/g/IskAAOSw5Bde-JS8/s-l64.jpg', 'https://i.ebayimg.com/images/g/uswAAOSwCf9e-JS9/s-l64.jpg', 'https://i.ebayimg.com/images/g/IskAAOSw5Bde-JS8/s-l300.jpg'];Books, Comics & Magazines/Books;0007315104;0007315104;141591999399;GOR004702451
Total Recall by Arnold Schwarzenegger Book The Cheap Fast Free Post;https://www.ebay.co.uk/itm/391395788179?hash=item5b2101c593:g:2fkAAOSwThFe58OI;3.29;20.00;19 product ratings;;Very Good;1,006 sold;4.00, Royal Mail International Economy;Varies for items sent from an international location;['https://i.ebayimg.com/images/g/mQgAAOSwbrNe58OJ/s-l64.jpg', 'https://i.ebayimg.com/images/g/2fkAAOSwThFe58OI/s-l64.jpg', 'https://i.ebayimg.com/images/g/2fkAAOSwThFe58OI/s-l300.jpg'];Books, Comics & Magazines/Books;1849839719;1849839719;391395788179;GOR004375136
Rebecca (VMC) (Virago Modern Classics) by Daphne Du Maurier Paperback Book The;https://www.ebay.co.uk/itm/301845112739?hash=item46475ee7a3:g:LRMAAOSwoa1gB6Qm;2.99;8.99;34 product ratings;;Very Good;2,222 sold;4.00, Royal Mail International Economy;Varies for items sent from an international location;['https://i.ebayimg.com/images/g/LRMAAOSwoa1gB6Qm/s-l64.jpg', 'https://i.ebayimg.com/images/g/2ogAAOSwIlhgB6Qn/s-l64.jpg', 'https://i.ebayimg.com/images/g/LRMAAOSwoa1gB6Qm/s-l300.jpg'];Books, Comics & Magazines/Books;1844080382;1844080382;301845112739;GOR001195227
Feel The Fear And Do It Anyway: How to Turn Your ... by Jeffers, Susan Paperback;https://www.ebay.co.uk/itm/142047897033?hash=item2112b6e5c9:g:jF8AAOSwhWtefkKk;3.99;8.99;37 product ratings;;Very Good;1,968 sold;4.00, Royal Mail International Economy;Varies for items sent from an international location;['https://i.ebayimg.com/images/g/jF8AAOSwhWtefkKk/s-l64.jpg', 'https://i.ebayimg.com/images/g/vvAAAOSwQFNefkKm/s-l64.jpg', 'https://i.ebayimg.com/images/g/jF8AAOSwhWtefkKk/s-l300.jpg'];Books, Comics & Magazines/Books;0091907071;0091907071;142047897033;GOR001258991
Diary of a Wimpy Kid: The Getaway (Book 12) by Kinney, Jeff Book The Cheap Fast;https://www.ebay.co.uk/itm/142607677473?hash=item2134147821:g:3yQAAOSw~6BeoskH;3.99;12.99;20 product ratings;;Very Good;2,652 sold;4.00, Royal Mail International Economy;Varies for items sent from an international location;['https://i.ebayimg.com/images/g/3yQAAOSw~6BeoskH/s-l64.jpg', 'https://i.ebayimg.com/images/g/f30AAOSwwYleoskI/s-l64.jpg', 'https://i.ebayimg.com/images/g/3yQAAOSw~6BeoskH/s-l300.jpg'];Books, Comics & Magazines/Books;9780141376677;0141376678;142607677473;GOR008761926
Tom Kerridge's Dopamine Diet: My low-carb, stay-happy way to... by Kerridge, Tom;https://www.ebay.co.uk/itm/391693295132?hash=item5b32bd5e1c:g:e8MAAOSw2FdeaNa8;6.49;20.00;;2 sold in last hour;Very Good;972 sold;4.00, Royal Mail International Economy;Varies for items sent from an international location;['https://i.ebayimg.com/images/g/e8MAAOSw2FdeaNa8/s-l300.jpg'];Books, Comics & Magazines/Books;9781472935410;1472935411;391693295132;GOR008040344
Tony Blackburn Poptastic!: My Life in Radio by Tony Blackburn Hardback Book The;https://www.ebay.co.uk/itm/142077767849?hash=item21147eb0a9:g:tUEAAOSwHVFefl7u;8.99;18.99;3 product ratings;;Very Good;131 sold;4.00, Royal Mail International Economy;Varies for items sent from an international location;['https://i.ebayimg.com/images/g/tUEAAOSwHVFefl7u/s-l64.jpg', 'https://i.ebayimg.com/images/g/tUEAAOSwHVFefl7u/s-l300.jpg', 'https://i.ebayimg.com/images/g/MnYAAOSwITVefl7w/s-l64.jpg'];Books, Comics & Magazines/Books;9781844036004;1844036006;142077767849;GOR000790252
My Brilliant Friend: 1 (Neapolitan Quartet (1)) by Elena Ferrante Book The Cheap;https://www.ebay.co.uk/itm/302007523883?hash=item46510d1a2b:g:xQkAAOSw9Q9fDcTw;3.29;11.99;29 product ratings;;Very Good;779 sold;4.00, Royal Mail International Economy;Varies for items sent from an international location;['https://i.ebayimg.com/images/g/xQkAAOSw9Q9fDcTw/s-l64.jpg', 'https://i.ebayimg.com/images/g/D90AAOSwDzlfDcTy/s-l64.jpg', 'https://i.ebayimg.com/images/g/xQkAAOSw9Q9fDcTw/s-l300.jpg'];Books, Comics & Magazines/Books;1609450787;1609450787;302007523883;GOR005510846
Career of Evil: Cormoran Strike Book 3 by Galbraith, Robert Book The Cheap Fast;https://www.ebay.co.uk/itm/302031823060?hash=item46527fe0d4:g:mrkAAOSwmWFeg6Vf;3.29;7.99;41 product ratings;;Very Good;1,252 sold;4.00, Royal Mail International Economy;Varies for items sent from an international location;['https://i.ebayimg.com/images/g/mrkAAOSwmWFeg6Vf/s-l300.jpg', 'https://i.ebayimg.com/images/g/mrkAAOSwmWFeg6Vf/s-l64.jpg', 'https://i.ebayimg.com/images/g/3FMAAOSwhzZeg6VD/s-l64.jpg'];Books, Comics & Magazines/Books;0751563595;0751563595;302031823060;GOR007371007
Lean in 15 - The Shape Plan: 15 Minute Meals With Workouts to B... by Wicks, Joe;https://www.ebay.co.uk/itm/142117144850?hash=item2116d78912:g:BCgAAOSw9GJfEBN4;4.99;16.99;86 product ratings;;Very Good;2,458 sold;4.00, Royal Mail International Economy;Varies for items sent from an international location;['https://i.ebayimg.com/images/g/BCgAAOSw9GJfEBN4/s-l300.jpg', 'https://i.ebayimg.com/images/g/BCgAAOSw9GJfEBN4/s-l64.jpg', 'https://i.ebayimg.com/images/g/S4AAAOSwk6RfEBN5/s-l64.jpg'];Books, Comics & Magazines/Books;1509800697;1509800697;142117144850;GOR007577242
The Study Skills Handbook (Palgrave Study Skills) by Stella Cottrell Book The;https://www.ebay.co.uk/itm/391499277033?hash=item5b272ce2e9:g:7jcAAOSw3hZeypXx;5.49;14.99;6 product ratings;;Very Good;772 sold;4.00, Royal Mail International Economy;Varies for items sent from an international location;['https://i.ebayimg.com/images/g/7jcAAOSw3hZeypXx/s-l64.jpg', 'https://i.ebayimg.com/images/g/7jcAAOSw3hZeypXx/s-l300.jpg', 'https://i.ebayimg.com/images/g/mn0AAOSwJN1eypXy/s-l64.jpg'];Books, Comics & Magazines/Books;9781137289254;1137289252;391499277033;GOR005434192
HTML and CSS: Design and Build Websites by Duckett, Jon Book The Cheap Fast Free;https://www.ebay.co.uk/itm/391553171197?hash=item5b2a633efd:g:t0wAAOSwf8dfH4RB;6.99;19.99;14 product ratings;;Very Good;320 sold;4.00, Royal Mail International Economy;Varies for items sent from an international location;['https://i.ebayimg.com/images/g/t0wAAOSwf8dfH4RB/s-l300.jpg', 'https://i.ebayimg.com/images/g/0YgAAOSwqfVfH4RC/s-l64.jpg', 'https://i.ebayimg.com/images/g/t0wAAOSwf8dfH4RB/s-l64.jpg'];Books, Comics & Magazines/Books;9781118008188;1118008189;391553171197;GOR004467449
Oranges Are Not The Only Fruit by Winterson, Jeanette Paperback Book The Cheap;https://www.ebay.co.uk/itm/391501651163?hash=item5b27511cdb:g:gyEAAOSwxPVe~93d;3.29;8.99;10 product ratings;;Very Good;641 sold;4.00, Royal Mail International Economy;Varies for items sent from an international location;['https://i.ebayimg.com/images/g/gyEAAOSwxPVe~93d/s-l300.jpg', 'https://i.ebayimg.com/images/g/gyEAAOSwxPVe~93d/s-l64.jpg', 'https://i.ebayimg.com/images/g/mmwAAOSw~IRe~93e/s-l64.jpg'];Books, Comics & Magazines/Books;9780099935704;0099935708;391501651163;GOR001102087
Fear and Loathing in Las Vegas: A Savage Jour... by Hunter S. Thompson Paperback;https://www.ebay.co.uk/itm/141995562241?hash=item210f985501:g:P30AAOSwMOFfH8vt;3.59;7.99;20 product ratings;;Very Good;906 sold;4.00, Royal Mail International Economy;Varies for items sent from an international location;['https://i.ebayimg.com/images/g/P30AAOSwMOFfH8vt/s-l64.jpg', 'https://i.ebayimg.com/images/g/WzUAAOSwS3VfH8vu/s-l64.jpg', 'https://i.ebayimg.com/images/g/P30AAOSwMOFfH8vt/s-l300.jpg'];Books, Comics & Magazines/Books;0586081321;0586081321;141995562241;GOR001072644
Lethal White: Cormoran Strike Book 4 (Cormoran Strike 4) by Robert Galbraith The;https://www.ebay.co.uk/itm/142972293546?hash=item2149d011aa:g:HuUAAOSwX1ZegCAd;3.59;20.00;23 product ratings;;Very Good;760 sold;4.00, Royal Mail International Economy;Varies for items sent from an international location;['https://i.ebayimg.com/images/g/HuUAAOSwX1ZegCAd/s-l300.jpg', 'https://i.ebayimg.com/images/g/HuUAAOSwX1ZegCAd/s-l64.jpg', 'https://i.ebayimg.com/images/g/WdYAAOSwClNegCAe/s-l64.jpg'];Books, Comics & Magazines/Books;9780751572858;0751572853;142972293546;GOR009377712
The Last Mile (Amos Decker series) by Baldacci, David Book The Cheap Fast Free;https://www.ebay.co.uk/itm/142048035309?hash=item2112b901ed:g:u7wAAOSwvqde7Wyt;3.29;16.99;;;Very Good;492 sold;4.00, Royal Mail International Economy;Varies for items sent from an international location;['https://i.ebayimg.com/images/g/u7wAAOSwvqde7Wyt/s-l64.jpg', 'https://i.ebayimg.com/images/g/u7wAAOSwvqde7Wyt/s-l300.jpg', 'https://i.ebayimg.com/images/g/gAIAAOSw6Wle7Wyu/s-l64.jpg'];Books, Comics & Magazines/Books;9781447277521;144727752X;142048035309;GOR007431757
A Thousand Splendid Suns by Hosseini, Khaled Hardback Book The Cheap Fast Free;https://www.ebay.co.uk/itm/391186171082?hash=item5b148344ca:g:-GoAAOSw9htekhKC;2.99;16.99;16 product ratings;4 sold in last 24 hours;Very Good;1,214 sold;4.00, Royal Mail International Economy;Varies for items sent from an international location;['https://i.ebayimg.com/images/g/-GoAAOSw9htekhKC/s-l300.jpg', 'https://i.ebayimg.com/images/g/gDYAAOSwZhpekhKD/s-l64.jpg', 'https://i.ebayimg.com/images/g/-GoAAOSw9htekhKC/s-l64.jpg'];Books, Comics & Magazines/Books;0747582793;0747582793;391186171082;GOR001231013
Don't Sweat the Small Stuff: Simple ways to Keep... by Richard Carlson Paperback;https://www.ebay.co.uk/itm/142022385849?hash=item211131a0b9:g:scsAAOSwhX1eu1MV;3.29;9.99;31 product ratings;;Very Good;897 sold;4.00, Royal Mail International Economy;Varies for items sent from an international location;['https://i.ebayimg.com/images/g/scsAAOSwhX1eu1MV/s-l64.jpg', 'https://i.ebayimg.com/images/g/scsAAOSwhX1eu1MV/s-l300.jpg', 'https://i.ebayimg.com/images/g/qywAAOSwSOdeu1MW/s-l64.jpg'];Books, Comics & Magazines/Books;9780340708019;0340708018;142022385849;GOR001249375
A Brief History Of Time: From Big Bang To Black Holes by Hawking, Stephen Book;https://www.ebay.co.uk/itm/142080818502?hash=item2114ad3d46:g:SpQAAOSwmnFfCbPg;3.61;8.99;6 product ratings;;Good;47 sold;4.00, Royal Mail International Economy;Varies for items sent from an international location;['https://i.ebayimg.com/images/g/LZAAAOSwEKxfCbPh/s-l64.jpg', 'https://i.ebayimg.com/images/g/SpQAAOSwmnFfCbPg/s-l64.jpg', 'https://i.ebayimg.com/images/g/SpQAAOSwmnFfCbPg/s-l300.jpg'];Books, Comics & Magazines/Books;9780857501004;0857501003;142080818502;GOR005333081
